{
    "dateTime": {
        "find": {
            "200": "Data fetched successfully!!",
            "400": "Bad request",
            "401": "Unauthorised",
            "403": "Forbidden",
            "404": "data not found.",
            "409": "Resource Conflict",
            "500": "Internal server error"
        },
        "save": {
            "200": "Data saved successfully!!",
            "400": "Bad request",
            "401": "Unauthorised",
            "403": "Forbidden",
            "404": "data not found.",
            "409": "Duplicate Data",
            "500": "Internal server error"
        },
        "update": {
            "200": "Data updated successfully!!",
            "400": "Bad request",
            "401": "Unauthorised",
            "403": "Forbidden",
            "404": "data not found.",
            "409": "Resource Conflict",
            "500": "Internal server error"
        },
        "delete": {
            "200": "Data deleted successfully!!",
            "400": "Bad request",
            "401": "Unauthorised",
            "403": "Forbidden",
            "404": "data not found.",
            "409": "Resource Conflict",
            "500": "Internal server error"
        }
    }
}